,word,id
0,,0
1,[UNK],1
2,[CLS],2
3,[SEP],3
4,[MASK],4
5,6C:EC:EB:1F:FB:96_-100,5
6,6C:EC:EB:1F:FB:96_-99,6
7,6C:EC:EB:1F:FB:96_-98,7
8,6C:EC:EB:1F:FB:96_-97,8
9,6C:EC:EB:1F:FB:96_-96,9
10,6C:EC:EB:1F:FB:96_-95,10
11,6C:EC:EB:1F:FB:96_-94,11
12,6C:EC:EB:1F:FB:96_-93,12
13,6C:EC:EB:1F:FB:96_-92,13
14,6C:EC:EB:1F:FB:96_-91,14
15,6C:EC:EB:1F:FB:96_-90,15
16,6C:EC:EB:1F:FB:96_-89,16
17,6C:EC:EB:1F:FB:96_-88,17
18,6C:EC:EB:1F:FB:96_-87,18
19,6C:EC:EB:1F:FB:96_-86,19
20,6C:EC:EB:1F:FB:96_-85,20
21,6C:EC:EB:1F:FB:96_-84,21
22,6C:EC:EB:1F:FB:96_-83,22
23,6C:EC:EB:1F:FB:96_-82,23
24,6C:EC:EB:1F:FB:96_-81,24
25,6C:EC:EB:1F:FB:96_-80,25
26,6C:EC:EB:1F:FB:96_-79,26
27,6C:EC:EB:1F:FB:96_-78,27
28,6C:EC:EB:1F:FB:96_-77,28
29,6C:EC:EB:1F:FB:96_-76,29
30,6C:EC:EB:1F:FB:96_-75,30
31,6C:EC:EB:1F:FB:96_-74,31
32,6C:EC:EB:1F:FB:96_-73,32
33,6C:EC:EB:1F:FB:96_-72,33
34,6C:EC:EB:1F:FB:96_-71,34
35,6C:EC:EB:1F:FB:96_-70,35
36,6C:EC:EB:1F:FB:96_-69,36
37,6C:EC:EB:1F:FB:96_-68,37
38,6C:EC:EB:1F:FB:96_-67,38
39,6C:EC:EB:1F:FB:96_-66,39
40,6C:EC:EB:1F:FB:96_-65,40
41,6C:EC:EB:1F:FB:96_-64,41
42,6C:EC:EB:1F:FB:96_-63,42
43,6C:EC:EB:1F:FB:96_-62,43
44,6C:EC:EB:1F:FB:96_-61,44
45,6C:EC:EB:1F:FB:96_-60,45
46,6C:EC:EB:1F:FB:96_-59,46
47,6C:EC:EB:1F:FB:96_-58,47
48,6C:EC:EB:1F:FB:96_-57,48
49,6C:EC:EB:1F:FB:96_-56,49
50,6C:EC:EB:1F:FB:96_-55,50
51,6C:EC:EB:1F:FB:96_-54,51
52,6C:EC:EB:1F:FB:96_-53,52
53,6C:EC:EB:1F:FB:96_-52,53
54,6C:EC:EB:1F:FB:96_-51,54
55,6C:EC:EB:1F:FB:96_-50,55
56,6C:EC:EB:1F:FB:96_-49,56
57,6C:EC:EB:1F:FB:96_-48,57
58,6C:EC:EB:1F:FB:96_-47,58
59,6C:EC:EB:1F:FB:96_-46,59
60,6C:EC:EB:1F:FB:96_-45,60
61,6C:EC:EB:1F:FB:96_-44,61
62,6C:EC:EB:1F:FB:96_-43,62
63,6C:EC:EB:1F:FB:96_-42,63
64,6C:EC:EB:1F:FB:96_-41,64
65,6C:EC:EB:1F:F4:4F_-100,65
66,6C:EC:EB:1F:F4:4F_-99,66
67,6C:EC:EB:1F:F4:4F_-98,67
68,6C:EC:EB:1F:F4:4F_-97,68
69,6C:EC:EB:1F:F4:4F_-96,69
70,6C:EC:EB:1F:F4:4F_-95,70
71,6C:EC:EB:1F:F4:4F_-94,71
72,6C:EC:EB:1F:F4:4F_-93,72
73,6C:EC:EB:1F:F4:4F_-92,73
74,6C:EC:EB:1F:F4:4F_-91,74
75,6C:EC:EB:1F:F4:4F_-90,75
76,6C:EC:EB:1F:F4:4F_-89,76
77,6C:EC:EB:1F:F4:4F_-88,77
78,6C:EC:EB:1F:F4:4F_-87,78
79,6C:EC:EB:1F:F4:4F_-86,79
80,6C:EC:EB:1F:F4:4F_-85,80
81,6C:EC:EB:1F:F4:4F_-84,81
82,6C:EC:EB:1F:F4:4F_-83,82
83,6C:EC:EB:1F:F4:4F_-82,83
84,6C:EC:EB:1F:F4:4F_-81,84
85,6C:EC:EB:1F:F4:4F_-80,85
86,6C:EC:EB:1F:F4:4F_-79,86
87,6C:EC:EB:1F:F4:4F_-78,87
88,6C:EC:EB:1F:F4:4F_-77,88
89,6C:EC:EB:1F:F4:4F_-76,89
90,6C:EC:EB:1F:F4:4F_-75,90
91,6C:EC:EB:1F:F4:4F_-74,91
92,6C:EC:EB:1F:F4:4F_-73,92
93,6C:EC:EB:1F:F4:4F_-72,93
94,6C:EC:EB:1F:F4:4F_-71,94
95,6C:EC:EB:1F:F4:4F_-70,95
96,6C:EC:EB:1F:F4:4F_-69,96
97,6C:EC:EB:1F:F4:4F_-68,97
98,6C:EC:EB:1F:F4:4F_-67,98
99,6C:EC:EB:1F:F4:4F_-66,99
100,6C:EC:EB:1F:F4:4F_-65,100
101,6C:EC:EB:1F:F4:4F_-64,101
102,6C:EC:EB:1F:F4:4F_-63,102
103,6C:EC:EB:1F:F4:4F_-62,103
104,6C:EC:EB:1F:F4:4F_-61,104
105,6C:EC:EB:1F:F4:4F_-60,105
106,6C:EC:EB:1F:F4:4F_-59,106
107,6C:EC:EB:1F:F4:4F_-58,107
108,6C:EC:EB:1F:F4:4F_-57,108
109,6C:EC:EB:1F:F4:4F_-56,109
110,6C:EC:EB:1F:F4:4F_-55,110
111,6C:EC:EB:1F:F4:4F_-54,111
112,6C:EC:EB:1F:F4:4F_-53,112
113,6C:EC:EB:1F:F4:4F_-52,113
114,6C:EC:EB:1F:F4:4F_-51,114
115,6C:EC:EB:1F:F4:4F_-50,115
116,6C:EC:EB:1F:F4:4F_-49,116
117,6C:EC:EB:1F:F4:4F_-48,117
118,6C:EC:EB:1F:F4:4F_-47,118
119,6C:EC:EB:1F:F4:4F_-46,119
120,6C:EC:EB:1F:F4:4F_-45,120
121,6C:EC:EB:1F:F4:4F_-44,121
122,6C:EC:EB:1F:F4:4F_-43,122
123,6C:EC:EB:1F:F4:4F_-42,123
124,6C:EC:EB:1F:F4:4F_-41,124
125,6C:EC:EB:1F:F8:E8_-100,125
126,6C:EC:EB:1F:F8:E8_-99,126
127,6C:EC:EB:1F:F8:E8_-98,127
128,6C:EC:EB:1F:F8:E8_-97,128
129,6C:EC:EB:1F:F8:E8_-96,129
130,6C:EC:EB:1F:F8:E8_-95,130
131,6C:EC:EB:1F:F8:E8_-94,131
132,6C:EC:EB:1F:F8:E8_-93,132
133,6C:EC:EB:1F:F8:E8_-92,133
134,6C:EC:EB:1F:F8:E8_-91,134
135,6C:EC:EB:1F:F8:E8_-90,135
136,6C:EC:EB:1F:F8:E8_-89,136
137,6C:EC:EB:1F:F8:E8_-88,137
138,6C:EC:EB:1F:F8:E8_-87,138
139,6C:EC:EB:1F:F8:E8_-86,139
140,6C:EC:EB:1F:F8:E8_-85,140
141,6C:EC:EB:1F:F8:E8_-84,141
142,6C:EC:EB:1F:F8:E8_-83,142
143,6C:EC:EB:1F:F8:E8_-82,143
144,6C:EC:EB:1F:F8:E8_-81,144
145,6C:EC:EB:1F:F8:E8_-80,145
146,6C:EC:EB:1F:F8:E8_-79,146
147,6C:EC:EB:1F:F8:E8_-78,147
148,6C:EC:EB:1F:F8:E8_-77,148
149,6C:EC:EB:1F:F8:E8_-76,149
150,6C:EC:EB:1F:F8:E8_-75,150
151,6C:EC:EB:1F:F8:E8_-74,151
152,6C:EC:EB:1F:F8:E8_-73,152
153,6C:EC:EB:1F:F8:E8_-72,153
154,6C:EC:EB:1F:F8:E8_-71,154
155,6C:EC:EB:1F:F8:E8_-70,155
156,6C:EC:EB:1F:F8:E8_-69,156
157,6C:EC:EB:1F:F8:E8_-68,157
158,6C:EC:EB:1F:F8:E8_-67,158
159,6C:EC:EB:1F:F8:E8_-66,159
160,6C:EC:EB:1F:F8:E8_-65,160
161,6C:EC:EB:1F:F8:E8_-64,161
162,6C:EC:EB:1F:F8:E8_-63,162
163,6C:EC:EB:1F:F8:E8_-62,163
164,6C:EC:EB:1F:F8:E8_-61,164
165,6C:EC:EB:1F:F8:E8_-60,165
166,6C:EC:EB:1F:F8:E8_-59,166
167,6C:EC:EB:1F:F8:E8_-58,167
168,6C:EC:EB:1F:F8:E8_-57,168
169,6C:EC:EB:1F:F8:E8_-56,169
170,6C:EC:EB:1F:F8:E8_-55,170
171,6C:EC:EB:1F:F8:E8_-54,171
172,6C:EC:EB:1F:F8:E8_-53,172
173,6C:EC:EB:1F:F8:E8_-52,173
174,6C:EC:EB:1F:F8:E8_-51,174
175,6C:EC:EB:1F:F8:E8_-50,175
176,6C:EC:EB:1F:F8:E8_-49,176
177,6C:EC:EB:1F:F8:E8_-48,177
178,6C:EC:EB:1F:F8:E8_-47,178
179,6C:EC:EB:1F:F8:E8_-46,179
180,6C:EC:EB:1F:F8:E8_-45,180
181,6C:EC:EB:1F:F8:E8_-44,181
182,6C:EC:EB:1F:F8:E8_-43,182
183,6C:EC:EB:1F:F8:E8_-42,183
184,6C:EC:EB:1F:F8:E8_-41,184
185,6C:EC:EB:1F:FB:C7_-100,185
186,6C:EC:EB:1F:FB:C7_-99,186
187,6C:EC:EB:1F:FB:C7_-98,187
188,6C:EC:EB:1F:FB:C7_-97,188
189,6C:EC:EB:1F:FB:C7_-96,189
190,6C:EC:EB:1F:FB:C7_-95,190
191,6C:EC:EB:1F:FB:C7_-94,191
192,6C:EC:EB:1F:FB:C7_-93,192
193,6C:EC:EB:1F:FB:C7_-92,193
194,6C:EC:EB:1F:FB:C7_-91,194
195,6C:EC:EB:1F:FB:C7_-90,195
196,6C:EC:EB:1F:FB:C7_-89,196
197,6C:EC:EB:1F:FB:C7_-88,197
198,6C:EC:EB:1F:FB:C7_-87,198
199,6C:EC:EB:1F:FB:C7_-86,199
200,6C:EC:EB:1F:FB:C7_-85,200
201,6C:EC:EB:1F:FB:C7_-84,201
202,6C:EC:EB:1F:FB:C7_-83,202
203,6C:EC:EB:1F:FB:C7_-82,203
204,6C:EC:EB:1F:FB:C7_-81,204
205,6C:EC:EB:1F:FB:C7_-80,205
206,6C:EC:EB:1F:FB:C7_-79,206
207,6C:EC:EB:1F:FB:C7_-78,207
208,6C:EC:EB:1F:FB:C7_-77,208
209,6C:EC:EB:1F:FB:C7_-76,209
210,6C:EC:EB:1F:FB:C7_-75,210
211,6C:EC:EB:1F:FB:C7_-74,211
212,6C:EC:EB:1F:FB:C7_-73,212
213,6C:EC:EB:1F:FB:C7_-72,213
214,6C:EC:EB:1F:FB:C7_-71,214
215,6C:EC:EB:1F:FB:C7_-70,215
216,6C:EC:EB:1F:FB:C7_-69,216
217,6C:EC:EB:1F:FB:C7_-68,217
218,6C:EC:EB:1F:FB:C7_-67,218
219,6C:EC:EB:1F:FB:C7_-66,219
220,6C:EC:EB:1F:FB:C7_-65,220
221,6C:EC:EB:1F:FB:C7_-64,221
222,6C:EC:EB:1F:FB:C7_-63,222
223,6C:EC:EB:1F:FB:C7_-62,223
224,6C:EC:EB:1F:FB:C7_-61,224
225,6C:EC:EB:1F:FB:C7_-60,225
226,6C:EC:EB:1F:FB:C7_-59,226
227,6C:EC:EB:1F:FB:C7_-58,227
228,6C:EC:EB:1F:FB:C7_-57,228
229,6C:EC:EB:1F:FB:C7_-56,229
230,6C:EC:EB:1F:FB:C7_-55,230
231,6C:EC:EB:1F:FB:C7_-54,231
232,6C:EC:EB:1F:FB:C7_-53,232
233,6C:EC:EB:1F:FB:C7_-52,233
234,6C:EC:EB:1F:FB:C7_-51,234
235,6C:EC:EB:1F:FB:C7_-50,235
236,6C:EC:EB:1F:FB:C7_-49,236
237,6C:EC:EB:1F:FB:C7_-48,237
238,6C:EC:EB:1F:FB:C7_-47,238
239,6C:EC:EB:1F:FB:C7_-46,239
240,6C:EC:EB:1F:FB:C7_-45,240
241,6C:EC:EB:1F:FB:C7_-44,241
242,6C:EC:EB:1F:FB:C7_-43,242
243,6C:EC:EB:1F:FB:C7_-42,243
244,6C:EC:EB:1F:FB:C7_-41,244
245,6C:EC:EB:1F:FD:9B_-100,245
246,6C:EC:EB:1F:FD:9B_-99,246
247,6C:EC:EB:1F:FD:9B_-98,247
248,6C:EC:EB:1F:FD:9B_-97,248
249,6C:EC:EB:1F:FD:9B_-96,249
250,6C:EC:EB:1F:FD:9B_-95,250
251,6C:EC:EB:1F:FD:9B_-94,251
252,6C:EC:EB:1F:FD:9B_-93,252
253,6C:EC:EB:1F:FD:9B_-92,253
254,6C:EC:EB:1F:FD:9B_-91,254
255,6C:EC:EB:1F:FD:9B_-90,255
256,6C:EC:EB:1F:FD:9B_-89,256
257,6C:EC:EB:1F:FD:9B_-88,257
258,6C:EC:EB:1F:FD:9B_-87,258
259,6C:EC:EB:1F:FD:9B_-86,259
260,6C:EC:EB:1F:FD:9B_-85,260
261,6C:EC:EB:1F:FD:9B_-84,261
262,6C:EC:EB:1F:FD:9B_-83,262
263,6C:EC:EB:1F:FD:9B_-82,263
264,6C:EC:EB:1F:FD:9B_-81,264
265,6C:EC:EB:1F:FD:9B_-80,265
266,6C:EC:EB:1F:FD:9B_-79,266
267,6C:EC:EB:1F:FD:9B_-78,267
268,6C:EC:EB:1F:FD:9B_-77,268
269,6C:EC:EB:1F:FD:9B_-76,269
270,6C:EC:EB:1F:FD:9B_-75,270
271,6C:EC:EB:1F:FD:9B_-74,271
272,6C:EC:EB:1F:FD:9B_-73,272
273,6C:EC:EB:1F:FD:9B_-72,273
274,6C:EC:EB:1F:FD:9B_-71,274
275,6C:EC:EB:1F:FD:9B_-70,275
276,6C:EC:EB:1F:FD:9B_-69,276
277,6C:EC:EB:1F:FD:9B_-68,277
278,6C:EC:EB:1F:FD:9B_-67,278
279,6C:EC:EB:1F:FD:9B_-66,279
280,6C:EC:EB:1F:FD:9B_-65,280
281,6C:EC:EB:1F:FD:9B_-64,281
282,6C:EC:EB:1F:FD:9B_-63,282
283,6C:EC:EB:1F:FD:9B_-62,283
284,6C:EC:EB:1F:FD:9B_-61,284
285,6C:EC:EB:1F:FD:9B_-60,285
286,6C:EC:EB:1F:FD:9B_-59,286
287,6C:EC:EB:1F:FD:9B_-58,287
288,6C:EC:EB:1F:FD:9B_-57,288
289,6C:EC:EB:1F:FD:9B_-56,289
290,6C:EC:EB:1F:FD:9B_-55,290
291,6C:EC:EB:1F:FD:9B_-54,291
292,6C:EC:EB:1F:FD:9B_-53,292
293,6C:EC:EB:1F:FD:9B_-52,293
294,6C:EC:EB:1F:FD:9B_-51,294
295,6C:EC:EB:1F:FD:9B_-50,295
296,6C:EC:EB:1F:FD:9B_-49,296
297,6C:EC:EB:1F:FD:9B_-48,297
298,6C:EC:EB:1F:FD:9B_-47,298
299,6C:EC:EB:1F:FD:9B_-46,299
300,6C:EC:EB:1F:FD:9B_-45,300
301,6C:EC:EB:1F:FD:9B_-44,301
302,6C:EC:EB:1F:FD:9B_-43,302
303,6C:EC:EB:1F:FD:9B_-42,303
304,6C:EC:EB:1F:FD:9B_-41,304
305,20:CD:39:7D:42:D1_-100,305
306,20:CD:39:7D:42:D1_-99,306
307,20:CD:39:7D:42:D1_-98,307
308,20:CD:39:7D:42:D1_-97,308
309,20:CD:39:7D:42:D1_-96,309
310,20:CD:39:7D:42:D1_-95,310
311,20:CD:39:7D:42:D1_-94,311
312,20:CD:39:7D:42:D1_-93,312
313,20:CD:39:7D:42:D1_-92,313
314,20:CD:39:7D:42:D1_-91,314
315,20:CD:39:7D:42:D1_-90,315
316,20:CD:39:7D:42:D1_-89,316
317,20:CD:39:7D:42:D1_-88,317
318,20:CD:39:7D:42:D1_-87,318
319,20:CD:39:7D:42:D1_-86,319
320,20:CD:39:7D:42:D1_-85,320
321,20:CD:39:7D:42:D1_-84,321
322,20:CD:39:7D:42:D1_-83,322
323,20:CD:39:7D:42:D1_-82,323
324,20:CD:39:7D:42:D1_-81,324
325,20:CD:39:7D:42:D1_-80,325
326,20:CD:39:7D:42:D1_-79,326
327,20:CD:39:7D:42:D1_-78,327
328,20:CD:39:7D:42:D1_-77,328
329,20:CD:39:7D:42:D1_-76,329
330,20:CD:39:7D:42:D1_-75,330
331,20:CD:39:7D:42:D1_-74,331
332,20:CD:39:7D:42:D1_-73,332
333,20:CD:39:7D:42:D1_-72,333
334,20:CD:39:7D:42:D1_-71,334
335,20:CD:39:7D:42:D1_-70,335
336,20:CD:39:7D:42:D1_-69,336
337,20:CD:39:7D:42:D1_-68,337
338,20:CD:39:7D:42:D1_-67,338
339,20:CD:39:7D:42:D1_-66,339
340,20:CD:39:7D:42:D1_-65,340
341,20:CD:39:7D:42:D1_-64,341
342,20:CD:39:7D:42:D1_-63,342
343,20:CD:39:7D:42:D1_-62,343
344,20:CD:39:7D:42:D1_-61,344
345,20:CD:39:7D:42:D1_-60,345
346,20:CD:39:7D:42:D1_-59,346
347,20:CD:39:7D:42:D1_-58,347
348,20:CD:39:7D:42:D1_-57,348
349,20:CD:39:7D:42:D1_-56,349
350,20:CD:39:7D:42:D1_-55,350
351,20:CD:39:7D:42:D1_-54,351
352,20:CD:39:7D:42:D1_-53,352
353,20:CD:39:7D:42:D1_-52,353
354,20:CD:39:7D:42:D1_-51,354
355,20:CD:39:7D:42:D1_-50,355
356,20:CD:39:7D:42:D1_-49,356
357,20:CD:39:7D:42:D1_-48,357
358,20:CD:39:7D:42:D1_-47,358
359,20:CD:39:7D:42:D1_-46,359
360,20:CD:39:7D:42:D1_-45,360
361,20:CD:39:7D:42:D1_-44,361
362,20:CD:39:7D:42:D1_-43,362
363,20:CD:39:7D:42:D1_-42,363
364,20:CD:39:7D:42:D1_-41,364
365,6C:EC:EB:1F:FB:B0_-100,365
366,6C:EC:EB:1F:FB:B0_-99,366
367,6C:EC:EB:1F:FB:B0_-98,367
368,6C:EC:EB:1F:FB:B0_-97,368
369,6C:EC:EB:1F:FB:B0_-96,369
370,6C:EC:EB:1F:FB:B0_-95,370
371,6C:EC:EB:1F:FB:B0_-94,371
372,6C:EC:EB:1F:FB:B0_-93,372
373,6C:EC:EB:1F:FB:B0_-92,373
374,6C:EC:EB:1F:FB:B0_-91,374
375,6C:EC:EB:1F:FB:B0_-90,375
376,6C:EC:EB:1F:FB:B0_-89,376
377,6C:EC:EB:1F:FB:B0_-88,377
378,6C:EC:EB:1F:FB:B0_-87,378
379,6C:EC:EB:1F:FB:B0_-86,379
380,6C:EC:EB:1F:FB:B0_-85,380
381,6C:EC:EB:1F:FB:B0_-84,381
382,6C:EC:EB:1F:FB:B0_-83,382
383,6C:EC:EB:1F:FB:B0_-82,383
384,6C:EC:EB:1F:FB:B0_-81,384
385,6C:EC:EB:1F:FB:B0_-80,385
386,6C:EC:EB:1F:FB:B0_-79,386
387,6C:EC:EB:1F:FB:B0_-78,387
388,6C:EC:EB:1F:FB:B0_-77,388
389,6C:EC:EB:1F:FB:B0_-76,389
390,6C:EC:EB:1F:FB:B0_-75,390
391,6C:EC:EB:1F:FB:B0_-74,391
392,6C:EC:EB:1F:FB:B0_-73,392
393,6C:EC:EB:1F:FB:B0_-72,393
394,6C:EC:EB:1F:FB:B0_-71,394
395,6C:EC:EB:1F:FB:B0_-70,395
396,6C:EC:EB:1F:FB:B0_-69,396
397,6C:EC:EB:1F:FB:B0_-68,397
398,6C:EC:EB:1F:FB:B0_-67,398
399,6C:EC:EB:1F:FB:B0_-66,399
400,6C:EC:EB:1F:FB:B0_-65,400
401,6C:EC:EB:1F:FB:B0_-64,401
402,6C:EC:EB:1F:FB:B0_-63,402
403,6C:EC:EB:1F:FB:B0_-62,403
404,6C:EC:EB:1F:FB:B0_-61,404
405,6C:EC:EB:1F:FB:B0_-60,405
406,6C:EC:EB:1F:FB:B0_-59,406
407,6C:EC:EB:1F:FB:B0_-58,407
408,6C:EC:EB:1F:FB:B0_-57,408
409,6C:EC:EB:1F:FB:B0_-56,409
410,6C:EC:EB:1F:FB:B0_-55,410
411,6C:EC:EB:1F:FB:B0_-54,411
412,6C:EC:EB:1F:FB:B0_-53,412
413,6C:EC:EB:1F:FB:B0_-52,413
414,6C:EC:EB:1F:FB:B0_-51,414
415,6C:EC:EB:1F:FB:B0_-50,415
416,6C:EC:EB:1F:FB:B0_-49,416
417,6C:EC:EB:1F:FB:B0_-48,417
418,6C:EC:EB:1F:FB:B0_-47,418
419,6C:EC:EB:1F:FB:B0_-46,419
420,6C:EC:EB:1F:FB:B0_-45,420
421,6C:EC:EB:1F:FB:B0_-44,421
422,6C:EC:EB:1F:FB:B0_-43,422
423,6C:EC:EB:1F:FB:B0_-42,423
424,6C:EC:EB:1F:FB:B0_-41,424
425,6C:EC:EB:1F:FD:8E_-100,425
426,6C:EC:EB:1F:FD:8E_-99,426
427,6C:EC:EB:1F:FD:8E_-98,427
428,6C:EC:EB:1F:FD:8E_-97,428
429,6C:EC:EB:1F:FD:8E_-96,429
430,6C:EC:EB:1F:FD:8E_-95,430
431,6C:EC:EB:1F:FD:8E_-94,431
432,6C:EC:EB:1F:FD:8E_-93,432
433,6C:EC:EB:1F:FD:8E_-92,433
434,6C:EC:EB:1F:FD:8E_-91,434
435,6C:EC:EB:1F:FD:8E_-90,435
436,6C:EC:EB:1F:FD:8E_-89,436
437,6C:EC:EB:1F:FD:8E_-88,437
438,6C:EC:EB:1F:FD:8E_-87,438
439,6C:EC:EB:1F:FD:8E_-86,439
440,6C:EC:EB:1F:FD:8E_-85,440
441,6C:EC:EB:1F:FD:8E_-84,441
442,6C:EC:EB:1F:FD:8E_-83,442
443,6C:EC:EB:1F:FD:8E_-82,443
444,6C:EC:EB:1F:FD:8E_-81,444
445,6C:EC:EB:1F:FD:8E_-80,445
446,6C:EC:EB:1F:FD:8E_-79,446
447,6C:EC:EB:1F:FD:8E_-78,447
448,6C:EC:EB:1F:FD:8E_-77,448
449,6C:EC:EB:1F:FD:8E_-76,449
450,6C:EC:EB:1F:FD:8E_-75,450
451,6C:EC:EB:1F:FD:8E_-74,451
452,6C:EC:EB:1F:FD:8E_-73,452
453,6C:EC:EB:1F:FD:8E_-72,453
454,6C:EC:EB:1F:FD:8E_-71,454
455,6C:EC:EB:1F:FD:8E_-70,455
456,6C:EC:EB:1F:FD:8E_-69,456
457,6C:EC:EB:1F:FD:8E_-68,457
458,6C:EC:EB:1F:FD:8E_-67,458
459,6C:EC:EB:1F:FD:8E_-66,459
460,6C:EC:EB:1F:FD:8E_-65,460
461,6C:EC:EB:1F:FD:8E_-64,461
462,6C:EC:EB:1F:FD:8E_-63,462
463,6C:EC:EB:1F:FD:8E_-62,463
464,6C:EC:EB:1F:FD:8E_-61,464
465,6C:EC:EB:1F:FD:8E_-60,465
466,6C:EC:EB:1F:FD:8E_-59,466
467,6C:EC:EB:1F:FD:8E_-58,467
468,6C:EC:EB:1F:FD:8E_-57,468
469,6C:EC:EB:1F:FD:8E_-56,469
470,6C:EC:EB:1F:FD:8E_-55,470
471,6C:EC:EB:1F:FD:8E_-54,471
472,6C:EC:EB:1F:FD:8E_-53,472
473,6C:EC:EB:1F:FD:8E_-52,473
474,6C:EC:EB:1F:FD:8E_-51,474
475,6C:EC:EB:1F:FD:8E_-50,475
476,6C:EC:EB:1F:FD:8E_-49,476
477,6C:EC:EB:1F:FD:8E_-48,477
478,6C:EC:EB:1F:FD:8E_-47,478
479,6C:EC:EB:1F:FD:8E_-46,479
480,6C:EC:EB:1F:FD:8E_-45,480
481,6C:EC:EB:1F:FD:8E_-44,481
482,6C:EC:EB:1F:FD:8E_-43,482
483,6C:EC:EB:1F:FD:8E_-42,483
484,6C:EC:EB:1F:FD:8E_-41,484
485,6C:EC:EB:1F:F4:46_-100,485
486,6C:EC:EB:1F:F4:46_-99,486
487,6C:EC:EB:1F:F4:46_-98,487
488,6C:EC:EB:1F:F4:46_-97,488
489,6C:EC:EB:1F:F4:46_-96,489
490,6C:EC:EB:1F:F4:46_-95,490
491,6C:EC:EB:1F:F4:46_-94,491
492,6C:EC:EB:1F:F4:46_-93,492
493,6C:EC:EB:1F:F4:46_-92,493
494,6C:EC:EB:1F:F4:46_-91,494
495,6C:EC:EB:1F:F4:46_-90,495
496,6C:EC:EB:1F:F4:46_-89,496
497,6C:EC:EB:1F:F4:46_-88,497
498,6C:EC:EB:1F:F4:46_-87,498
499,6C:EC:EB:1F:F4:46_-86,499
500,6C:EC:EB:1F:F4:46_-85,500
501,6C:EC:EB:1F:F4:46_-84,501
502,6C:EC:EB:1F:F4:46_-83,502
503,6C:EC:EB:1F:F4:46_-82,503
504,6C:EC:EB:1F:F4:46_-81,504
505,6C:EC:EB:1F:F4:46_-80,505
506,6C:EC:EB:1F:F4:46_-79,506
507,6C:EC:EB:1F:F4:46_-78,507
508,6C:EC:EB:1F:F4:46_-77,508
509,6C:EC:EB:1F:F4:46_-76,509
510,6C:EC:EB:1F:F4:46_-75,510
511,6C:EC:EB:1F:F4:46_-74,511
512,6C:EC:EB:1F:F4:46_-73,512
513,6C:EC:EB:1F:F4:46_-72,513
514,6C:EC:EB:1F:F4:46_-71,514
515,6C:EC:EB:1F:F4:46_-70,515
516,6C:EC:EB:1F:F4:46_-69,516
517,6C:EC:EB:1F:F4:46_-68,517
518,6C:EC:EB:1F:F4:46_-67,518
519,6C:EC:EB:1F:F4:46_-66,519
520,6C:EC:EB:1F:F4:46_-65,520
521,6C:EC:EB:1F:F4:46_-64,521
522,6C:EC:EB:1F:F4:46_-63,522
523,6C:EC:EB:1F:F4:46_-62,523
524,6C:EC:EB:1F:F4:46_-61,524
525,6C:EC:EB:1F:F4:46_-60,525
526,6C:EC:EB:1F:F4:46_-59,526
527,6C:EC:EB:1F:F4:46_-58,527
528,6C:EC:EB:1F:F4:46_-57,528
529,6C:EC:EB:1F:F4:46_-56,529
530,6C:EC:EB:1F:F4:46_-55,530
531,6C:EC:EB:1F:F4:46_-54,531
532,6C:EC:EB:1F:F4:46_-53,532
533,6C:EC:EB:1F:F4:46_-52,533
534,6C:EC:EB:1F:F4:46_-51,534
535,6C:EC:EB:1F:F4:46_-50,535
536,6C:EC:EB:1F:F4:46_-49,536
537,6C:EC:EB:1F:F4:46_-48,537
538,6C:EC:EB:1F:F4:46_-47,538
539,6C:EC:EB:1F:F4:46_-46,539
540,6C:EC:EB:1F:F4:46_-45,540
541,6C:EC:EB:1F:F4:46_-44,541
542,6C:EC:EB:1F:F4:46_-43,542
543,6C:EC:EB:1F:F4:46_-42,543
544,6C:EC:EB:1F:F4:46_-41,544
545,6C:EC:EB:1F:F4:74_-100,545
546,6C:EC:EB:1F:F4:74_-99,546
547,6C:EC:EB:1F:F4:74_-98,547
548,6C:EC:EB:1F:F4:74_-97,548
549,6C:EC:EB:1F:F4:74_-96,549
550,6C:EC:EB:1F:F4:74_-95,550
551,6C:EC:EB:1F:F4:74_-94,551
552,6C:EC:EB:1F:F4:74_-93,552
553,6C:EC:EB:1F:F4:74_-92,553
554,6C:EC:EB:1F:F4:74_-91,554
555,6C:EC:EB:1F:F4:74_-90,555
556,6C:EC:EB:1F:F4:74_-89,556
557,6C:EC:EB:1F:F4:74_-88,557
558,6C:EC:EB:1F:F4:74_-87,558
559,6C:EC:EB:1F:F4:74_-86,559
560,6C:EC:EB:1F:F4:74_-85,560
561,6C:EC:EB:1F:F4:74_-84,561
562,6C:EC:EB:1F:F4:74_-83,562
563,6C:EC:EB:1F:F4:74_-82,563
564,6C:EC:EB:1F:F4:74_-81,564
565,6C:EC:EB:1F:F4:74_-80,565
566,6C:EC:EB:1F:F4:74_-79,566
567,6C:EC:EB:1F:F4:74_-78,567
568,6C:EC:EB:1F:F4:74_-77,568
569,6C:EC:EB:1F:F4:74_-76,569
570,6C:EC:EB:1F:F4:74_-75,570
571,6C:EC:EB:1F:F4:74_-74,571
572,6C:EC:EB:1F:F4:74_-73,572
573,6C:EC:EB:1F:F4:74_-72,573
574,6C:EC:EB:1F:F4:74_-71,574
575,6C:EC:EB:1F:F4:74_-70,575
576,6C:EC:EB:1F:F4:74_-69,576
577,6C:EC:EB:1F:F4:74_-68,577
578,6C:EC:EB:1F:F4:74_-67,578
579,6C:EC:EB:1F:F4:74_-66,579
580,6C:EC:EB:1F:F4:74_-65,580
581,6C:EC:EB:1F:F4:74_-64,581
582,6C:EC:EB:1F:F4:74_-63,582
583,6C:EC:EB:1F:F4:74_-62,583
584,6C:EC:EB:1F:F4:74_-61,584
585,6C:EC:EB:1F:F4:74_-60,585
586,6C:EC:EB:1F:F4:74_-59,586
587,6C:EC:EB:1F:F4:74_-58,587
588,6C:EC:EB:1F:F4:74_-57,588
589,6C:EC:EB:1F:F4:74_-56,589
590,6C:EC:EB:1F:F4:74_-55,590
591,6C:EC:EB:1F:F4:74_-54,591
592,6C:EC:EB:1F:F4:74_-53,592
593,6C:EC:EB:1F:F4:74_-52,593
594,6C:EC:EB:1F:F4:74_-51,594
595,6C:EC:EB:1F:F4:74_-50,595
596,6C:EC:EB:1F:F4:74_-49,596
597,6C:EC:EB:1F:F4:74_-48,597
598,6C:EC:EB:1F:F4:74_-47,598
599,6C:EC:EB:1F:F4:74_-46,599
600,6C:EC:EB:1F:F4:74_-45,600
601,6C:EC:EB:1F:F4:74_-44,601
602,6C:EC:EB:1F:F4:74_-43,602
603,6C:EC:EB:1F:F4:74_-42,603
604,6C:EC:EB:1F:F4:74_-41,604
605,6C:EC:EB:1F:F6:24_-100,605
606,6C:EC:EB:1F:F6:24_-99,606
607,6C:EC:EB:1F:F6:24_-98,607
608,6C:EC:EB:1F:F6:24_-97,608
609,6C:EC:EB:1F:F6:24_-96,609
610,6C:EC:EB:1F:F6:24_-95,610
611,6C:EC:EB:1F:F6:24_-94,611
612,6C:EC:EB:1F:F6:24_-93,612
613,6C:EC:EB:1F:F6:24_-92,613
614,6C:EC:EB:1F:F6:24_-91,614
615,6C:EC:EB:1F:F6:24_-90,615
616,6C:EC:EB:1F:F6:24_-89,616
617,6C:EC:EB:1F:F6:24_-88,617
618,6C:EC:EB:1F:F6:24_-87,618
619,6C:EC:EB:1F:F6:24_-86,619
620,6C:EC:EB:1F:F6:24_-85,620
621,6C:EC:EB:1F:F6:24_-84,621
622,6C:EC:EB:1F:F6:24_-83,622
623,6C:EC:EB:1F:F6:24_-82,623
624,6C:EC:EB:1F:F6:24_-81,624
625,6C:EC:EB:1F:F6:24_-80,625
626,6C:EC:EB:1F:F6:24_-79,626
627,6C:EC:EB:1F:F6:24_-78,627
628,6C:EC:EB:1F:F6:24_-77,628
629,6C:EC:EB:1F:F6:24_-76,629
630,6C:EC:EB:1F:F6:24_-75,630
631,6C:EC:EB:1F:F6:24_-74,631
632,6C:EC:EB:1F:F6:24_-73,632
633,6C:EC:EB:1F:F6:24_-72,633
634,6C:EC:EB:1F:F6:24_-71,634
635,6C:EC:EB:1F:F6:24_-70,635
636,6C:EC:EB:1F:F6:24_-69,636
637,6C:EC:EB:1F:F6:24_-68,637
638,6C:EC:EB:1F:F6:24_-67,638
639,6C:EC:EB:1F:F6:24_-66,639
640,6C:EC:EB:1F:F6:24_-65,640
641,6C:EC:EB:1F:F6:24_-64,641
642,6C:EC:EB:1F:F6:24_-63,642
643,6C:EC:EB:1F:F6:24_-62,643
644,6C:EC:EB:1F:F6:24_-61,644
645,6C:EC:EB:1F:F6:24_-60,645
646,6C:EC:EB:1F:F6:24_-59,646
647,6C:EC:EB:1F:F6:24_-58,647
648,6C:EC:EB:1F:F6:24_-57,648
649,6C:EC:EB:1F:F6:24_-56,649
650,6C:EC:EB:1F:F6:24_-55,650
651,6C:EC:EB:1F:F6:24_-54,651
652,6C:EC:EB:1F:F6:24_-53,652
653,6C:EC:EB:1F:F6:24_-52,653
654,6C:EC:EB:1F:F6:24_-51,654
655,6C:EC:EB:1F:F6:24_-50,655
656,6C:EC:EB:1F:F6:24_-49,656
657,6C:EC:EB:1F:F6:24_-48,657
658,6C:EC:EB:1F:F6:24_-47,658
659,6C:EC:EB:1F:F6:24_-46,659
660,6C:EC:EB:1F:F6:24_-45,660
661,6C:EC:EB:1F:F6:24_-44,661
662,6C:EC:EB:1F:F6:24_-43,662
663,6C:EC:EB:1F:F6:24_-42,663
664,6C:EC:EB:1F:F6:24_-41,664
665,6C:EC:EB:1F:FD:83_-100,665
666,6C:EC:EB:1F:FD:83_-99,666
667,6C:EC:EB:1F:FD:83_-98,667
668,6C:EC:EB:1F:FD:83_-97,668
669,6C:EC:EB:1F:FD:83_-96,669
670,6C:EC:EB:1F:FD:83_-95,670
671,6C:EC:EB:1F:FD:83_-94,671
672,6C:EC:EB:1F:FD:83_-93,672
673,6C:EC:EB:1F:FD:83_-92,673
674,6C:EC:EB:1F:FD:83_-91,674
675,6C:EC:EB:1F:FD:83_-90,675
676,6C:EC:EB:1F:FD:83_-89,676
677,6C:EC:EB:1F:FD:83_-88,677
678,6C:EC:EB:1F:FD:83_-87,678
679,6C:EC:EB:1F:FD:83_-86,679
680,6C:EC:EB:1F:FD:83_-85,680
681,6C:EC:EB:1F:FD:83_-84,681
682,6C:EC:EB:1F:FD:83_-83,682
683,6C:EC:EB:1F:FD:83_-82,683
684,6C:EC:EB:1F:FD:83_-81,684
685,6C:EC:EB:1F:FD:83_-80,685
686,6C:EC:EB:1F:FD:83_-79,686
687,6C:EC:EB:1F:FD:83_-78,687
688,6C:EC:EB:1F:FD:83_-77,688
689,6C:EC:EB:1F:FD:83_-76,689
690,6C:EC:EB:1F:FD:83_-75,690
691,6C:EC:EB:1F:FD:83_-74,691
692,6C:EC:EB:1F:FD:83_-73,692
693,6C:EC:EB:1F:FD:83_-72,693
694,6C:EC:EB:1F:FD:83_-71,694
695,6C:EC:EB:1F:FD:83_-70,695
696,6C:EC:EB:1F:FD:83_-69,696
697,6C:EC:EB:1F:FD:83_-68,697
698,6C:EC:EB:1F:FD:83_-67,698
699,6C:EC:EB:1F:FD:83_-66,699
700,6C:EC:EB:1F:FD:83_-65,700
701,6C:EC:EB:1F:FD:83_-64,701
702,6C:EC:EB:1F:FD:83_-63,702
703,6C:EC:EB:1F:FD:83_-62,703
704,6C:EC:EB:1F:FD:83_-61,704
705,6C:EC:EB:1F:FD:83_-60,705
706,6C:EC:EB:1F:FD:83_-59,706
707,6C:EC:EB:1F:FD:83_-58,707
708,6C:EC:EB:1F:FD:83_-57,708
709,6C:EC:EB:1F:FD:83_-56,709
710,6C:EC:EB:1F:FD:83_-55,710
711,6C:EC:EB:1F:FD:83_-54,711
712,6C:EC:EB:1F:FD:83_-53,712
713,6C:EC:EB:1F:FD:83_-52,713
714,6C:EC:EB:1F:FD:83_-51,714
715,6C:EC:EB:1F:FD:83_-50,715
716,6C:EC:EB:1F:FD:83_-49,716
717,6C:EC:EB:1F:FD:83_-48,717
718,6C:EC:EB:1F:FD:83_-47,718
719,6C:EC:EB:1F:FD:83_-46,719
720,6C:EC:EB:1F:FD:83_-45,720
721,6C:EC:EB:1F:FD:83_-44,721
722,6C:EC:EB:1F:FD:83_-43,722
723,6C:EC:EB:1F:FD:83_-42,723
724,6C:EC:EB:1F:FD:83_-41,724
725,6C:EC:EB:1F:F6:26_-100,725
726,6C:EC:EB:1F:F6:26_-99,726
727,6C:EC:EB:1F:F6:26_-98,727
728,6C:EC:EB:1F:F6:26_-97,728
729,6C:EC:EB:1F:F6:26_-96,729
730,6C:EC:EB:1F:F6:26_-95,730
731,6C:EC:EB:1F:F6:26_-94,731
732,6C:EC:EB:1F:F6:26_-93,732
733,6C:EC:EB:1F:F6:26_-92,733
734,6C:EC:EB:1F:F6:26_-91,734
735,6C:EC:EB:1F:F6:26_-90,735
736,6C:EC:EB:1F:F6:26_-89,736
737,6C:EC:EB:1F:F6:26_-88,737
738,6C:EC:EB:1F:F6:26_-87,738
739,6C:EC:EB:1F:F6:26_-86,739
740,6C:EC:EB:1F:F6:26_-85,740
741,6C:EC:EB:1F:F6:26_-84,741
742,6C:EC:EB:1F:F6:26_-83,742
743,6C:EC:EB:1F:F6:26_-82,743
744,6C:EC:EB:1F:F6:26_-81,744
745,6C:EC:EB:1F:F6:26_-80,745
746,6C:EC:EB:1F:F6:26_-79,746
747,6C:EC:EB:1F:F6:26_-78,747
748,6C:EC:EB:1F:F6:26_-77,748
749,6C:EC:EB:1F:F6:26_-76,749
750,6C:EC:EB:1F:F6:26_-75,750
751,6C:EC:EB:1F:F6:26_-74,751
752,6C:EC:EB:1F:F6:26_-73,752
753,6C:EC:EB:1F:F6:26_-72,753
754,6C:EC:EB:1F:F6:26_-71,754
755,6C:EC:EB:1F:F6:26_-70,755
756,6C:EC:EB:1F:F6:26_-69,756
757,6C:EC:EB:1F:F6:26_-68,757
758,6C:EC:EB:1F:F6:26_-67,758
759,6C:EC:EB:1F:F6:26_-66,759
760,6C:EC:EB:1F:F6:26_-65,760
761,6C:EC:EB:1F:F6:26_-64,761
762,6C:EC:EB:1F:F6:26_-63,762
763,6C:EC:EB:1F:F6:26_-62,763
764,6C:EC:EB:1F:F6:26_-61,764
765,6C:EC:EB:1F:F6:26_-60,765
766,6C:EC:EB:1F:F6:26_-59,766
767,6C:EC:EB:1F:F6:26_-58,767
768,6C:EC:EB:1F:F6:26_-57,768
769,6C:EC:EB:1F:F6:26_-56,769
770,6C:EC:EB:1F:F6:26_-55,770
771,6C:EC:EB:1F:F6:26_-54,771
772,6C:EC:EB:1F:F6:26_-53,772
773,6C:EC:EB:1F:F6:26_-52,773
774,6C:EC:EB:1F:F6:26_-51,774
775,6C:EC:EB:1F:F6:26_-50,775
776,6C:EC:EB:1F:F6:26_-49,776
777,6C:EC:EB:1F:F6:26_-48,777
778,6C:EC:EB:1F:F6:26_-47,778
779,6C:EC:EB:1F:F6:26_-46,779
780,6C:EC:EB:1F:F6:26_-45,780
781,6C:EC:EB:1F:F6:26_-44,781
782,6C:EC:EB:1F:F6:26_-43,782
783,6C:EC:EB:1F:F6:26_-42,783
784,6C:EC:EB:1F:F6:26_-41,784
785,6C:EC:EB:1F:F6:65_-100,785
786,6C:EC:EB:1F:F6:65_-99,786
787,6C:EC:EB:1F:F6:65_-98,787
788,6C:EC:EB:1F:F6:65_-97,788
789,6C:EC:EB:1F:F6:65_-96,789
790,6C:EC:EB:1F:F6:65_-95,790
791,6C:EC:EB:1F:F6:65_-94,791
792,6C:EC:EB:1F:F6:65_-93,792
793,6C:EC:EB:1F:F6:65_-92,793
794,6C:EC:EB:1F:F6:65_-91,794
795,6C:EC:EB:1F:F6:65_-90,795
796,6C:EC:EB:1F:F6:65_-89,796
797,6C:EC:EB:1F:F6:65_-88,797
798,6C:EC:EB:1F:F6:65_-87,798
799,6C:EC:EB:1F:F6:65_-86,799
800,6C:EC:EB:1F:F6:65_-85,800
801,6C:EC:EB:1F:F6:65_-84,801
802,6C:EC:EB:1F:F6:65_-83,802
803,6C:EC:EB:1F:F6:65_-82,803
804,6C:EC:EB:1F:F6:65_-81,804
805,6C:EC:EB:1F:F6:65_-80,805
806,6C:EC:EB:1F:F6:65_-79,806
807,6C:EC:EB:1F:F6:65_-78,807
808,6C:EC:EB:1F:F6:65_-77,808
809,6C:EC:EB:1F:F6:65_-76,809
810,6C:EC:EB:1F:F6:65_-75,810
811,6C:EC:EB:1F:F6:65_-74,811
812,6C:EC:EB:1F:F6:65_-73,812
813,6C:EC:EB:1F:F6:65_-72,813
814,6C:EC:EB:1F:F6:65_-71,814
815,6C:EC:EB:1F:F6:65_-70,815
816,6C:EC:EB:1F:F6:65_-69,816
817,6C:EC:EB:1F:F6:65_-68,817
818,6C:EC:EB:1F:F6:65_-67,818
819,6C:EC:EB:1F:F6:65_-66,819
820,6C:EC:EB:1F:F6:65_-65,820
821,6C:EC:EB:1F:F6:65_-64,821
822,6C:EC:EB:1F:F6:65_-63,822
823,6C:EC:EB:1F:F6:65_-62,823
824,6C:EC:EB:1F:F6:65_-61,824
825,6C:EC:EB:1F:F6:65_-60,825
826,6C:EC:EB:1F:F6:65_-59,826
827,6C:EC:EB:1F:F6:65_-58,827
828,6C:EC:EB:1F:F6:65_-57,828
829,6C:EC:EB:1F:F6:65_-56,829
830,6C:EC:EB:1F:F6:65_-55,830
831,6C:EC:EB:1F:F6:65_-54,831
832,6C:EC:EB:1F:F6:65_-53,832
833,6C:EC:EB:1F:F6:65_-52,833
834,6C:EC:EB:1F:F6:65_-51,834
835,6C:EC:EB:1F:F6:65_-50,835
836,6C:EC:EB:1F:F6:65_-49,836
837,6C:EC:EB:1F:F6:65_-48,837
838,6C:EC:EB:1F:F6:65_-47,838
839,6C:EC:EB:1F:F6:65_-46,839
840,6C:EC:EB:1F:F6:65_-45,840
841,6C:EC:EB:1F:F6:65_-44,841
842,6C:EC:EB:1F:F6:65_-43,842
843,6C:EC:EB:1F:F6:65_-42,843
844,6C:EC:EB:1F:F6:65_-41,844
845,6C:EC:EB:1F:F6:76_-100,845
846,6C:EC:EB:1F:F6:76_-99,846
847,6C:EC:EB:1F:F6:76_-98,847
848,6C:EC:EB:1F:F6:76_-97,848
849,6C:EC:EB:1F:F6:76_-96,849
850,6C:EC:EB:1F:F6:76_-95,850
851,6C:EC:EB:1F:F6:76_-94,851
852,6C:EC:EB:1F:F6:76_-93,852
853,6C:EC:EB:1F:F6:76_-92,853
854,6C:EC:EB:1F:F6:76_-91,854
855,6C:EC:EB:1F:F6:76_-90,855
856,6C:EC:EB:1F:F6:76_-89,856
857,6C:EC:EB:1F:F6:76_-88,857
858,6C:EC:EB:1F:F6:76_-87,858
859,6C:EC:EB:1F:F6:76_-86,859
860,6C:EC:EB:1F:F6:76_-85,860
861,6C:EC:EB:1F:F6:76_-84,861
862,6C:EC:EB:1F:F6:76_-83,862
863,6C:EC:EB:1F:F6:76_-82,863
864,6C:EC:EB:1F:F6:76_-81,864
865,6C:EC:EB:1F:F6:76_-80,865
866,6C:EC:EB:1F:F6:76_-79,866
867,6C:EC:EB:1F:F6:76_-78,867
868,6C:EC:EB:1F:F6:76_-77,868
869,6C:EC:EB:1F:F6:76_-76,869
870,6C:EC:EB:1F:F6:76_-75,870
871,6C:EC:EB:1F:F6:76_-74,871
872,6C:EC:EB:1F:F6:76_-73,872
873,6C:EC:EB:1F:F6:76_-72,873
874,6C:EC:EB:1F:F6:76_-71,874
875,6C:EC:EB:1F:F6:76_-70,875
876,6C:EC:EB:1F:F6:76_-69,876
877,6C:EC:EB:1F:F6:76_-68,877
878,6C:EC:EB:1F:F6:76_-67,878
879,6C:EC:EB:1F:F6:76_-66,879
880,6C:EC:EB:1F:F6:76_-65,880
881,6C:EC:EB:1F:F6:76_-64,881
882,6C:EC:EB:1F:F6:76_-63,882
883,6C:EC:EB:1F:F6:76_-62,883
884,6C:EC:EB:1F:F6:76_-61,884
885,6C:EC:EB:1F:F6:76_-60,885
886,6C:EC:EB:1F:F6:76_-59,886
887,6C:EC:EB:1F:F6:76_-58,887
888,6C:EC:EB:1F:F6:76_-57,888
889,6C:EC:EB:1F:F6:76_-56,889
890,6C:EC:EB:1F:F6:76_-55,890
891,6C:EC:EB:1F:F6:76_-54,891
892,6C:EC:EB:1F:F6:76_-53,892
893,6C:EC:EB:1F:F6:76_-52,893
894,6C:EC:EB:1F:F6:76_-51,894
895,6C:EC:EB:1F:F6:76_-50,895
896,6C:EC:EB:1F:F6:76_-49,896
897,6C:EC:EB:1F:F6:76_-48,897
898,6C:EC:EB:1F:F6:76_-47,898
899,6C:EC:EB:1F:F6:76_-46,899
900,6C:EC:EB:1F:F6:76_-45,900
901,6C:EC:EB:1F:F6:76_-44,901
902,6C:EC:EB:1F:F6:76_-43,902
903,6C:EC:EB:1F:F6:76_-42,903
904,6C:EC:EB:1F:F6:76_-41,904
905,6C:EC:EB:1F:F6:55_-100,905
906,6C:EC:EB:1F:F6:55_-99,906
907,6C:EC:EB:1F:F6:55_-98,907
908,6C:EC:EB:1F:F6:55_-97,908
909,6C:EC:EB:1F:F6:55_-96,909
910,6C:EC:EB:1F:F6:55_-95,910
911,6C:EC:EB:1F:F6:55_-94,911
912,6C:EC:EB:1F:F6:55_-93,912
913,6C:EC:EB:1F:F6:55_-92,913
914,6C:EC:EB:1F:F6:55_-91,914
915,6C:EC:EB:1F:F6:55_-90,915
916,6C:EC:EB:1F:F6:55_-89,916
917,6C:EC:EB:1F:F6:55_-88,917
918,6C:EC:EB:1F:F6:55_-87,918
919,6C:EC:EB:1F:F6:55_-86,919
920,6C:EC:EB:1F:F6:55_-85,920
921,6C:EC:EB:1F:F6:55_-84,921
922,6C:EC:EB:1F:F6:55_-83,922
923,6C:EC:EB:1F:F6:55_-82,923
924,6C:EC:EB:1F:F6:55_-81,924
925,6C:EC:EB:1F:F6:55_-80,925
926,6C:EC:EB:1F:F6:55_-79,926
927,6C:EC:EB:1F:F6:55_-78,927
928,6C:EC:EB:1F:F6:55_-77,928
929,6C:EC:EB:1F:F6:55_-76,929
930,6C:EC:EB:1F:F6:55_-75,930
931,6C:EC:EB:1F:F6:55_-74,931
932,6C:EC:EB:1F:F6:55_-73,932
933,6C:EC:EB:1F:F6:55_-72,933
934,6C:EC:EB:1F:F6:55_-71,934
935,6C:EC:EB:1F:F6:55_-70,935
936,6C:EC:EB:1F:F6:55_-69,936
937,6C:EC:EB:1F:F6:55_-68,937
938,6C:EC:EB:1F:F6:55_-67,938
939,6C:EC:EB:1F:F6:55_-66,939
940,6C:EC:EB:1F:F6:55_-65,940
941,6C:EC:EB:1F:F6:55_-64,941
942,6C:EC:EB:1F:F6:55_-63,942
943,6C:EC:EB:1F:F6:55_-62,943
944,6C:EC:EB:1F:F6:55_-61,944
945,6C:EC:EB:1F:F6:55_-60,945
946,6C:EC:EB:1F:F6:55_-59,946
947,6C:EC:EB:1F:F6:55_-58,947
948,6C:EC:EB:1F:F6:55_-57,948
949,6C:EC:EB:1F:F6:55_-56,949
950,6C:EC:EB:1F:F6:55_-55,950
951,6C:EC:EB:1F:F6:55_-54,951
952,6C:EC:EB:1F:F6:55_-53,952
953,6C:EC:EB:1F:F6:55_-52,953
954,6C:EC:EB:1F:F6:55_-51,954
955,6C:EC:EB:1F:F6:55_-50,955
956,6C:EC:EB:1F:F6:55_-49,956
957,6C:EC:EB:1F:F6:55_-48,957
958,6C:EC:EB:1F:F6:55_-47,958
959,6C:EC:EB:1F:F6:55_-46,959
960,6C:EC:EB:1F:F6:55_-45,960
961,6C:EC:EB:1F:F6:55_-44,961
962,6C:EC:EB:1F:F6:55_-43,962
963,6C:EC:EB:1F:F6:55_-42,963
964,6C:EC:EB:1F:F6:55_-41,964
965,6C:EC:EB:1F:F6:15_-100,965
966,6C:EC:EB:1F:F6:15_-99,966
967,6C:EC:EB:1F:F6:15_-98,967
968,6C:EC:EB:1F:F6:15_-97,968
969,6C:EC:EB:1F:F6:15_-96,969
970,6C:EC:EB:1F:F6:15_-95,970
971,6C:EC:EB:1F:F6:15_-94,971
972,6C:EC:EB:1F:F6:15_-93,972
973,6C:EC:EB:1F:F6:15_-92,973
974,6C:EC:EB:1F:F6:15_-91,974
975,6C:EC:EB:1F:F6:15_-90,975
976,6C:EC:EB:1F:F6:15_-89,976
977,6C:EC:EB:1F:F6:15_-88,977
978,6C:EC:EB:1F:F6:15_-87,978
979,6C:EC:EB:1F:F6:15_-86,979
980,6C:EC:EB:1F:F6:15_-85,980
981,6C:EC:EB:1F:F6:15_-84,981
982,6C:EC:EB:1F:F6:15_-83,982
983,6C:EC:EB:1F:F6:15_-82,983
984,6C:EC:EB:1F:F6:15_-81,984
985,6C:EC:EB:1F:F6:15_-80,985
986,6C:EC:EB:1F:F6:15_-79,986
987,6C:EC:EB:1F:F6:15_-78,987
988,6C:EC:EB:1F:F6:15_-77,988
989,6C:EC:EB:1F:F6:15_-76,989
990,6C:EC:EB:1F:F6:15_-75,990
991,6C:EC:EB:1F:F6:15_-74,991
992,6C:EC:EB:1F:F6:15_-73,992
993,6C:EC:EB:1F:F6:15_-72,993
994,6C:EC:EB:1F:F6:15_-71,994
995,6C:EC:EB:1F:F6:15_-70,995
996,6C:EC:EB:1F:F6:15_-69,996
997,6C:EC:EB:1F:F6:15_-68,997
998,6C:EC:EB:1F:F6:15_-67,998
999,6C:EC:EB:1F:F6:15_-66,999
1000,6C:EC:EB:1F:F6:15_-65,1000
1001,6C:EC:EB:1F:F6:15_-64,1001
1002,6C:EC:EB:1F:F6:15_-63,1002
1003,6C:EC:EB:1F:F6:15_-62,1003
1004,6C:EC:EB:1F:F6:15_-61,1004
1005,6C:EC:EB:1F:F6:15_-60,1005
1006,6C:EC:EB:1F:F6:15_-59,1006
1007,6C:EC:EB:1F:F6:15_-58,1007
1008,6C:EC:EB:1F:F6:15_-57,1008
1009,6C:EC:EB:1F:F6:15_-56,1009
1010,6C:EC:EB:1F:F6:15_-55,1010
1011,6C:EC:EB:1F:F6:15_-54,1011
1012,6C:EC:EB:1F:F6:15_-53,1012
1013,6C:EC:EB:1F:F6:15_-52,1013
1014,6C:EC:EB:1F:F6:15_-51,1014
1015,6C:EC:EB:1F:F6:15_-50,1015
1016,6C:EC:EB:1F:F6:15_-49,1016
1017,6C:EC:EB:1F:F6:15_-48,1017
1018,6C:EC:EB:1F:F6:15_-47,1018
1019,6C:EC:EB:1F:F6:15_-46,1019
1020,6C:EC:EB:1F:F6:15_-45,1020
1021,6C:EC:EB:1F:F6:15_-44,1021
1022,6C:EC:EB:1F:F6:15_-43,1022
1023,6C:EC:EB:1F:F6:15_-42,1023
1024,6C:EC:EB:1F:F6:15_-41,1024
1025,6C:EC:EB:1F:F6:2D_-100,1025
1026,6C:EC:EB:1F:F6:2D_-99,1026
1027,6C:EC:EB:1F:F6:2D_-98,1027
1028,6C:EC:EB:1F:F6:2D_-97,1028
1029,6C:EC:EB:1F:F6:2D_-96,1029
1030,6C:EC:EB:1F:F6:2D_-95,1030
1031,6C:EC:EB:1F:F6:2D_-94,1031
1032,6C:EC:EB:1F:F6:2D_-93,1032
1033,6C:EC:EB:1F:F6:2D_-92,1033
1034,6C:EC:EB:1F:F6:2D_-91,1034
1035,6C:EC:EB:1F:F6:2D_-90,1035
1036,6C:EC:EB:1F:F6:2D_-89,1036
1037,6C:EC:EB:1F:F6:2D_-88,1037
1038,6C:EC:EB:1F:F6:2D_-87,1038
1039,6C:EC:EB:1F:F6:2D_-86,1039
1040,6C:EC:EB:1F:F6:2D_-85,1040
1041,6C:EC:EB:1F:F6:2D_-84,1041
1042,6C:EC:EB:1F:F6:2D_-83,1042
1043,6C:EC:EB:1F:F6:2D_-82,1043
1044,6C:EC:EB:1F:F6:2D_-81,1044
1045,6C:EC:EB:1F:F6:2D_-80,1045
1046,6C:EC:EB:1F:F6:2D_-79,1046
1047,6C:EC:EB:1F:F6:2D_-78,1047
1048,6C:EC:EB:1F:F6:2D_-77,1048
1049,6C:EC:EB:1F:F6:2D_-76,1049
1050,6C:EC:EB:1F:F6:2D_-75,1050
1051,6C:EC:EB:1F:F6:2D_-74,1051
1052,6C:EC:EB:1F:F6:2D_-73,1052
1053,6C:EC:EB:1F:F6:2D_-72,1053
1054,6C:EC:EB:1F:F6:2D_-71,1054
1055,6C:EC:EB:1F:F6:2D_-70,1055
1056,6C:EC:EB:1F:F6:2D_-69,1056
1057,6C:EC:EB:1F:F6:2D_-68,1057
1058,6C:EC:EB:1F:F6:2D_-67,1058
1059,6C:EC:EB:1F:F6:2D_-66,1059
1060,6C:EC:EB:1F:F6:2D_-65,1060
1061,6C:EC:EB:1F:F6:2D_-64,1061
1062,6C:EC:EB:1F:F6:2D_-63,1062
1063,6C:EC:EB:1F:F6:2D_-62,1063
1064,6C:EC:EB:1F:F6:2D_-61,1064
1065,6C:EC:EB:1F:F6:2D_-60,1065
1066,6C:EC:EB:1F:F6:2D_-59,1066
1067,6C:EC:EB:1F:F6:2D_-58,1067
1068,6C:EC:EB:1F:F6:2D_-57,1068
1069,6C:EC:EB:1F:F6:2D_-56,1069
1070,6C:EC:EB:1F:F6:2D_-55,1070
1071,6C:EC:EB:1F:F6:2D_-54,1071
1072,6C:EC:EB:1F:F6:2D_-53,1072
1073,6C:EC:EB:1F:F6:2D_-52,1073
1074,6C:EC:EB:1F:F6:2D_-51,1074
1075,6C:EC:EB:1F:F6:2D_-50,1075
1076,6C:EC:EB:1F:F6:2D_-49,1076
1077,6C:EC:EB:1F:F6:2D_-48,1077
1078,6C:EC:EB:1F:F6:2D_-47,1078
1079,6C:EC:EB:1F:F6:2D_-46,1079
1080,6C:EC:EB:1F:F6:2D_-45,1080
1081,6C:EC:EB:1F:F6:2D_-44,1081
1082,6C:EC:EB:1F:F6:2D_-43,1082
1083,6C:EC:EB:1F:F6:2D_-42,1083
1084,6C:EC:EB:1F:F6:2D_-41,1084
1085,7C:66:9D:7B:2B:9F_-100,1085
1086,7C:66:9D:7B:2B:9F_-99,1086
1087,7C:66:9D:7B:2B:9F_-98,1087
1088,7C:66:9D:7B:2B:9F_-97,1088
1089,7C:66:9D:7B:2B:9F_-96,1089
1090,7C:66:9D:7B:2B:9F_-95,1090
1091,7C:66:9D:7B:2B:9F_-94,1091
1092,7C:66:9D:7B:2B:9F_-93,1092
1093,7C:66:9D:7B:2B:9F_-92,1093
1094,7C:66:9D:7B:2B:9F_-91,1094
1095,7C:66:9D:7B:2B:9F_-90,1095
1096,7C:66:9D:7B:2B:9F_-89,1096
1097,7C:66:9D:7B:2B:9F_-88,1097
1098,7C:66:9D:7B:2B:9F_-87,1098
1099,7C:66:9D:7B:2B:9F_-86,1099
1100,7C:66:9D:7B:2B:9F_-85,1100
1101,7C:66:9D:7B:2B:9F_-84,1101
1102,7C:66:9D:7B:2B:9F_-83,1102
1103,7C:66:9D:7B:2B:9F_-82,1103
1104,7C:66:9D:7B:2B:9F_-81,1104
1105,7C:66:9D:7B:2B:9F_-80,1105
1106,7C:66:9D:7B:2B:9F_-79,1106
1107,7C:66:9D:7B:2B:9F_-78,1107
1108,7C:66:9D:7B:2B:9F_-77,1108
1109,7C:66:9D:7B:2B:9F_-76,1109
1110,7C:66:9D:7B:2B:9F_-75,1110
1111,7C:66:9D:7B:2B:9F_-74,1111
1112,7C:66:9D:7B:2B:9F_-73,1112
1113,7C:66:9D:7B:2B:9F_-72,1113
1114,7C:66:9D:7B:2B:9F_-71,1114
1115,7C:66:9D:7B:2B:9F_-70,1115
1116,7C:66:9D:7B:2B:9F_-69,1116
1117,7C:66:9D:7B:2B:9F_-68,1117
1118,7C:66:9D:7B:2B:9F_-67,1118
1119,7C:66:9D:7B:2B:9F_-66,1119
1120,7C:66:9D:7B:2B:9F_-65,1120
1121,7C:66:9D:7B:2B:9F_-64,1121
1122,7C:66:9D:7B:2B:9F_-63,1122
1123,7C:66:9D:7B:2B:9F_-62,1123
1124,7C:66:9D:7B:2B:9F_-61,1124
1125,7C:66:9D:7B:2B:9F_-60,1125
1126,7C:66:9D:7B:2B:9F_-59,1126
1127,7C:66:9D:7B:2B:9F_-58,1127
1128,7C:66:9D:7B:2B:9F_-57,1128
1129,7C:66:9D:7B:2B:9F_-56,1129
1130,7C:66:9D:7B:2B:9F_-55,1130
1131,7C:66:9D:7B:2B:9F_-54,1131
1132,7C:66:9D:7B:2B:9F_-53,1132
1133,7C:66:9D:7B:2B:9F_-52,1133
1134,7C:66:9D:7B:2B:9F_-51,1134
1135,7C:66:9D:7B:2B:9F_-50,1135
1136,7C:66:9D:7B:2B:9F_-49,1136
1137,7C:66:9D:7B:2B:9F_-48,1137
1138,7C:66:9D:7B:2B:9F_-47,1138
1139,7C:66:9D:7B:2B:9F_-46,1139
1140,7C:66:9D:7B:2B:9F_-45,1140
1141,7C:66:9D:7B:2B:9F_-44,1141
1142,7C:66:9D:7B:2B:9F_-43,1142
1143,7C:66:9D:7B:2B:9F_-42,1143
1144,7C:66:9D:7B:2B:9F_-41,1144
1145,BC:6A:29:BE:2F:23_-100,1145
1146,BC:6A:29:BE:2F:23_-99,1146
1147,BC:6A:29:BE:2F:23_-98,1147
1148,BC:6A:29:BE:2F:23_-97,1148
1149,BC:6A:29:BE:2F:23_-96,1149
1150,BC:6A:29:BE:2F:23_-95,1150
1151,BC:6A:29:BE:2F:23_-94,1151
1152,BC:6A:29:BE:2F:23_-93,1152
1153,BC:6A:29:BE:2F:23_-92,1153
1154,BC:6A:29:BE:2F:23_-91,1154
1155,BC:6A:29:BE:2F:23_-90,1155
1156,BC:6A:29:BE:2F:23_-89,1156
1157,BC:6A:29:BE:2F:23_-88,1157
1158,BC:6A:29:BE:2F:23_-87,1158
1159,BC:6A:29:BE:2F:23_-86,1159
1160,BC:6A:29:BE:2F:23_-85,1160
1161,BC:6A:29:BE:2F:23_-84,1161
1162,BC:6A:29:BE:2F:23_-83,1162
1163,BC:6A:29:BE:2F:23_-82,1163
1164,BC:6A:29:BE:2F:23_-81,1164
1165,BC:6A:29:BE:2F:23_-80,1165
1166,BC:6A:29:BE:2F:23_-79,1166
1167,BC:6A:29:BE:2F:23_-78,1167
1168,BC:6A:29:BE:2F:23_-77,1168
1169,BC:6A:29:BE:2F:23_-76,1169
1170,BC:6A:29:BE:2F:23_-75,1170
1171,BC:6A:29:BE:2F:23_-74,1171
1172,BC:6A:29:BE:2F:23_-73,1172
1173,BC:6A:29:BE:2F:23_-72,1173
1174,BC:6A:29:BE:2F:23_-71,1174
1175,BC:6A:29:BE:2F:23_-70,1175
1176,BC:6A:29:BE:2F:23_-69,1176
1177,BC:6A:29:BE:2F:23_-68,1177
1178,BC:6A:29:BE:2F:23_-67,1178
1179,BC:6A:29:BE:2F:23_-66,1179
1180,BC:6A:29:BE:2F:23_-65,1180
1181,BC:6A:29:BE:2F:23_-64,1181
1182,BC:6A:29:BE:2F:23_-63,1182
1183,BC:6A:29:BE:2F:23_-62,1183
1184,BC:6A:29:BE:2F:23_-61,1184
1185,BC:6A:29:BE:2F:23_-60,1185
1186,BC:6A:29:BE:2F:23_-59,1186
1187,BC:6A:29:BE:2F:23_-58,1187
1188,BC:6A:29:BE:2F:23_-57,1188
1189,BC:6A:29:BE:2F:23_-56,1189
1190,BC:6A:29:BE:2F:23_-55,1190
1191,BC:6A:29:BE:2F:23_-54,1191
1192,BC:6A:29:BE:2F:23_-53,1192
1193,BC:6A:29:BE:2F:23_-52,1193
1194,BC:6A:29:BE:2F:23_-51,1194
1195,BC:6A:29:BE:2F:23_-50,1195
1196,BC:6A:29:BE:2F:23_-49,1196
1197,BC:6A:29:BE:2F:23_-48,1197
1198,BC:6A:29:BE:2F:23_-47,1198
1199,BC:6A:29:BE:2F:23_-46,1199
1200,BC:6A:29:BE:2F:23_-45,1200
1201,BC:6A:29:BE:2F:23_-44,1201
1202,BC:6A:29:BE:2F:23_-43,1202
1203,BC:6A:29:BE:2F:23_-42,1203
1204,BC:6A:29:BE:2F:23_-41,1204
1205,7C:66:9D:7B:29:FB_-100,1205
1206,7C:66:9D:7B:29:FB_-99,1206
1207,7C:66:9D:7B:29:FB_-98,1207
1208,7C:66:9D:7B:29:FB_-97,1208
1209,7C:66:9D:7B:29:FB_-96,1209
1210,7C:66:9D:7B:29:FB_-95,1210
1211,7C:66:9D:7B:29:FB_-94,1211
1212,7C:66:9D:7B:29:FB_-93,1212
1213,7C:66:9D:7B:29:FB_-92,1213
1214,7C:66:9D:7B:29:FB_-91,1214
1215,7C:66:9D:7B:29:FB_-90,1215
1216,7C:66:9D:7B:29:FB_-89,1216
1217,7C:66:9D:7B:29:FB_-88,1217
1218,7C:66:9D:7B:29:FB_-87,1218
1219,7C:66:9D:7B:29:FB_-86,1219
1220,7C:66:9D:7B:29:FB_-85,1220
1221,7C:66:9D:7B:29:FB_-84,1221
1222,7C:66:9D:7B:29:FB_-83,1222
1223,7C:66:9D:7B:29:FB_-82,1223
1224,7C:66:9D:7B:29:FB_-81,1224
1225,7C:66:9D:7B:29:FB_-80,1225
1226,7C:66:9D:7B:29:FB_-79,1226
1227,7C:66:9D:7B:29:FB_-78,1227
1228,7C:66:9D:7B:29:FB_-77,1228
1229,7C:66:9D:7B:29:FB_-76,1229
1230,7C:66:9D:7B:29:FB_-75,1230
1231,7C:66:9D:7B:29:FB_-74,1231
1232,7C:66:9D:7B:29:FB_-73,1232
1233,7C:66:9D:7B:29:FB_-72,1233
1234,7C:66:9D:7B:29:FB_-71,1234
1235,7C:66:9D:7B:29:FB_-70,1235
1236,7C:66:9D:7B:29:FB_-69,1236
1237,7C:66:9D:7B:29:FB_-68,1237
1238,7C:66:9D:7B:29:FB_-67,1238
1239,7C:66:9D:7B:29:FB_-66,1239
1240,7C:66:9D:7B:29:FB_-65,1240
1241,7C:66:9D:7B:29:FB_-64,1241
1242,7C:66:9D:7B:29:FB_-63,1242
1243,7C:66:9D:7B:29:FB_-62,1243
1244,7C:66:9D:7B:29:FB_-61,1244
1245,7C:66:9D:7B:29:FB_-60,1245
1246,7C:66:9D:7B:29:FB_-59,1246
1247,7C:66:9D:7B:29:FB_-58,1247
1248,7C:66:9D:7B:29:FB_-57,1248
1249,7C:66:9D:7B:29:FB_-56,1249
1250,7C:66:9D:7B:29:FB_-55,1250
1251,7C:66:9D:7B:29:FB_-54,1251
1252,7C:66:9D:7B:29:FB_-53,1252
1253,7C:66:9D:7B:29:FB_-52,1253
1254,7C:66:9D:7B:29:FB_-51,1254
1255,7C:66:9D:7B:29:FB_-50,1255
1256,7C:66:9D:7B:29:FB_-49,1256
1257,7C:66:9D:7B:29:FB_-48,1257
1258,7C:66:9D:7B:29:FB_-47,1258
1259,7C:66:9D:7B:29:FB_-46,1259
1260,7C:66:9D:7B:29:FB_-45,1260
1261,7C:66:9D:7B:29:FB_-44,1261
1262,7C:66:9D:7B:29:FB_-43,1262
1263,7C:66:9D:7B:29:FB_-42,1263
1264,7C:66:9D:7B:29:FB_-41,1264
1265,7C:66:9D:7B:2B:90_-100,1265
1266,7C:66:9D:7B:2B:90_-99,1266
1267,7C:66:9D:7B:2B:90_-98,1267
1268,7C:66:9D:7B:2B:90_-97,1268
1269,7C:66:9D:7B:2B:90_-96,1269
1270,7C:66:9D:7B:2B:90_-95,1270
1271,7C:66:9D:7B:2B:90_-94,1271
1272,7C:66:9D:7B:2B:90_-93,1272
1273,7C:66:9D:7B:2B:90_-92,1273
1274,7C:66:9D:7B:2B:90_-91,1274
1275,7C:66:9D:7B:2B:90_-90,1275
1276,7C:66:9D:7B:2B:90_-89,1276
1277,7C:66:9D:7B:2B:90_-88,1277
1278,7C:66:9D:7B:2B:90_-87,1278
1279,7C:66:9D:7B:2B:90_-86,1279
1280,7C:66:9D:7B:2B:90_-85,1280
1281,7C:66:9D:7B:2B:90_-84,1281
1282,7C:66:9D:7B:2B:90_-83,1282
1283,7C:66:9D:7B:2B:90_-82,1283
1284,7C:66:9D:7B:2B:90_-81,1284
1285,7C:66:9D:7B:2B:90_-80,1285
1286,7C:66:9D:7B:2B:90_-79,1286
1287,7C:66:9D:7B:2B:90_-78,1287
1288,7C:66:9D:7B:2B:90_-77,1288
1289,7C:66:9D:7B:2B:90_-76,1289
1290,7C:66:9D:7B:2B:90_-75,1290
1291,7C:66:9D:7B:2B:90_-74,1291
1292,7C:66:9D:7B:2B:90_-73,1292
1293,7C:66:9D:7B:2B:90_-72,1293
1294,7C:66:9D:7B:2B:90_-71,1294
1295,7C:66:9D:7B:2B:90_-70,1295
1296,7C:66:9D:7B:2B:90_-69,1296
1297,7C:66:9D:7B:2B:90_-68,1297
1298,7C:66:9D:7B:2B:90_-67,1298
1299,7C:66:9D:7B:2B:90_-66,1299
1300,7C:66:9D:7B:2B:90_-65,1300
1301,7C:66:9D:7B:2B:90_-64,1301
1302,7C:66:9D:7B:2B:90_-63,1302
1303,7C:66:9D:7B:2B:90_-62,1303
1304,7C:66:9D:7B:2B:90_-61,1304
1305,7C:66:9D:7B:2B:90_-60,1305
1306,7C:66:9D:7B:2B:90_-59,1306
1307,7C:66:9D:7B:2B:90_-58,1307
1308,7C:66:9D:7B:2B:90_-57,1308
1309,7C:66:9D:7B:2B:90_-56,1309
1310,7C:66:9D:7B:2B:90_-55,1310
1311,7C:66:9D:7B:2B:90_-54,1311
1312,7C:66:9D:7B:2B:90_-53,1312
1313,7C:66:9D:7B:2B:90_-52,1313
1314,7C:66:9D:7B:2B:90_-51,1314
1315,7C:66:9D:7B:2B:90_-50,1315
1316,7C:66:9D:7B:2B:90_-49,1316
1317,7C:66:9D:7B:2B:90_-48,1317
1318,7C:66:9D:7B:2B:90_-47,1318
1319,7C:66:9D:7B:2B:90_-46,1319
1320,7C:66:9D:7B:2B:90_-45,1320
1321,7C:66:9D:7B:2B:90_-44,1321
1322,7C:66:9D:7B:2B:90_-43,1322
1323,7C:66:9D:7B:2B:90_-42,1323
1324,7C:66:9D:7B:2B:90_-41,1324
1325,BC:6A:29:BE:31:57_-100,1325
1326,BC:6A:29:BE:31:57_-99,1326
1327,BC:6A:29:BE:31:57_-98,1327
1328,BC:6A:29:BE:31:57_-97,1328
1329,BC:6A:29:BE:31:57_-96,1329
1330,BC:6A:29:BE:31:57_-95,1330
1331,BC:6A:29:BE:31:57_-94,1331
1332,BC:6A:29:BE:31:57_-93,1332
1333,BC:6A:29:BE:31:57_-92,1333
1334,BC:6A:29:BE:31:57_-91,1334
1335,BC:6A:29:BE:31:57_-90,1335
1336,BC:6A:29:BE:31:57_-89,1336
1337,BC:6A:29:BE:31:57_-88,1337
1338,BC:6A:29:BE:31:57_-87,1338
1339,BC:6A:29:BE:31:57_-86,1339
1340,BC:6A:29:BE:31:57_-85,1340
1341,BC:6A:29:BE:31:57_-84,1341
1342,BC:6A:29:BE:31:57_-83,1342
1343,BC:6A:29:BE:31:57_-82,1343
1344,BC:6A:29:BE:31:57_-81,1344
1345,BC:6A:29:BE:31:57_-80,1345
1346,BC:6A:29:BE:31:57_-79,1346
1347,BC:6A:29:BE:31:57_-78,1347
1348,BC:6A:29:BE:31:57_-77,1348
1349,BC:6A:29:BE:31:57_-76,1349
1350,BC:6A:29:BE:31:57_-75,1350
1351,BC:6A:29:BE:31:57_-74,1351
1352,BC:6A:29:BE:31:57_-73,1352
1353,BC:6A:29:BE:31:57_-72,1353
1354,BC:6A:29:BE:31:57_-71,1354
1355,BC:6A:29:BE:31:57_-70,1355
1356,BC:6A:29:BE:31:57_-69,1356
1357,BC:6A:29:BE:31:57_-68,1357
1358,BC:6A:29:BE:31:57_-67,1358
1359,BC:6A:29:BE:31:57_-66,1359
1360,BC:6A:29:BE:31:57_-65,1360
1361,BC:6A:29:BE:31:57_-64,1361
1362,BC:6A:29:BE:31:57_-63,1362
1363,BC:6A:29:BE:31:57_-62,1363
1364,BC:6A:29:BE:31:57_-61,1364
1365,BC:6A:29:BE:31:57_-60,1365
1366,BC:6A:29:BE:31:57_-59,1366
1367,BC:6A:29:BE:31:57_-58,1367
1368,BC:6A:29:BE:31:57_-57,1368
1369,BC:6A:29:BE:31:57_-56,1369
1370,BC:6A:29:BE:31:57_-55,1370
1371,BC:6A:29:BE:31:57_-54,1371
1372,BC:6A:29:BE:31:57_-53,1372
1373,BC:6A:29:BE:31:57_-52,1373
1374,BC:6A:29:BE:31:57_-51,1374
1375,BC:6A:29:BE:31:57_-50,1375
1376,BC:6A:29:BE:31:57_-49,1376
1377,BC:6A:29:BE:31:57_-48,1377
1378,BC:6A:29:BE:31:57_-47,1378
1379,BC:6A:29:BE:31:57_-46,1379
1380,BC:6A:29:BE:31:57_-45,1380
1381,BC:6A:29:BE:31:57_-44,1381
1382,BC:6A:29:BE:31:57_-43,1382
1383,BC:6A:29:BE:31:57_-42,1383
1384,BC:6A:29:BE:31:57_-41,1384
1385,7C:66:9D:7B:29:FA_-100,1385
1386,7C:66:9D:7B:29:FA_-99,1386
1387,7C:66:9D:7B:29:FA_-98,1387
1388,7C:66:9D:7B:29:FA_-97,1388
1389,7C:66:9D:7B:29:FA_-96,1389
1390,7C:66:9D:7B:29:FA_-95,1390
1391,7C:66:9D:7B:29:FA_-94,1391
1392,7C:66:9D:7B:29:FA_-93,1392
1393,7C:66:9D:7B:29:FA_-92,1393
1394,7C:66:9D:7B:29:FA_-91,1394
1395,7C:66:9D:7B:29:FA_-90,1395
1396,7C:66:9D:7B:29:FA_-89,1396
1397,7C:66:9D:7B:29:FA_-88,1397
1398,7C:66:9D:7B:29:FA_-87,1398
1399,7C:66:9D:7B:29:FA_-86,1399
1400,7C:66:9D:7B:29:FA_-85,1400
1401,7C:66:9D:7B:29:FA_-84,1401
1402,7C:66:9D:7B:29:FA_-83,1402
1403,7C:66:9D:7B:29:FA_-82,1403
1404,7C:66:9D:7B:29:FA_-81,1404
1405,7C:66:9D:7B:29:FA_-80,1405
1406,7C:66:9D:7B:29:FA_-79,1406
1407,7C:66:9D:7B:29:FA_-78,1407
1408,7C:66:9D:7B:29:FA_-77,1408
1409,7C:66:9D:7B:29:FA_-76,1409
1410,7C:66:9D:7B:29:FA_-75,1410
1411,7C:66:9D:7B:29:FA_-74,1411
1412,7C:66:9D:7B:29:FA_-73,1412
1413,7C:66:9D:7B:29:FA_-72,1413
1414,7C:66:9D:7B:29:FA_-71,1414
1415,7C:66:9D:7B:29:FA_-70,1415
1416,7C:66:9D:7B:29:FA_-69,1416
1417,7C:66:9D:7B:29:FA_-68,1417
1418,7C:66:9D:7B:29:FA_-67,1418
1419,7C:66:9D:7B:29:FA_-66,1419
1420,7C:66:9D:7B:29:FA_-65,1420
1421,7C:66:9D:7B:29:FA_-64,1421
1422,7C:66:9D:7B:29:FA_-63,1422
1423,7C:66:9D:7B:29:FA_-62,1423
1424,7C:66:9D:7B:29:FA_-61,1424
1425,7C:66:9D:7B:29:FA_-60,1425
1426,7C:66:9D:7B:29:FA_-59,1426
1427,7C:66:9D:7B:29:FA_-58,1427
1428,7C:66:9D:7B:29:FA_-57,1428
1429,7C:66:9D:7B:29:FA_-56,1429
1430,7C:66:9D:7B:29:FA_-55,1430
1431,7C:66:9D:7B:29:FA_-54,1431
1432,7C:66:9D:7B:29:FA_-53,1432
1433,7C:66:9D:7B:29:FA_-52,1433
1434,7C:66:9D:7B:29:FA_-51,1434
1435,7C:66:9D:7B:29:FA_-50,1435
1436,7C:66:9D:7B:29:FA_-49,1436
1437,7C:66:9D:7B:29:FA_-48,1437
1438,7C:66:9D:7B:29:FA_-47,1438
1439,7C:66:9D:7B:29:FA_-46,1439
1440,7C:66:9D:7B:29:FA_-45,1440
1441,7C:66:9D:7B:29:FA_-44,1441
1442,7C:66:9D:7B:29:FA_-43,1442
1443,7C:66:9D:7B:29:FA_-42,1443
1444,7C:66:9D:7B:29:FA_-41,1444
1445,BC:6A:29:BE:2F:76_-100,1445
1446,BC:6A:29:BE:2F:76_-99,1446
1447,BC:6A:29:BE:2F:76_-98,1447
1448,BC:6A:29:BE:2F:76_-97,1448
1449,BC:6A:29:BE:2F:76_-96,1449
1450,BC:6A:29:BE:2F:76_-95,1450
1451,BC:6A:29:BE:2F:76_-94,1451
1452,BC:6A:29:BE:2F:76_-93,1452
1453,BC:6A:29:BE:2F:76_-92,1453
1454,BC:6A:29:BE:2F:76_-91,1454
1455,BC:6A:29:BE:2F:76_-90,1455
1456,BC:6A:29:BE:2F:76_-89,1456
1457,BC:6A:29:BE:2F:76_-88,1457
1458,BC:6A:29:BE:2F:76_-87,1458
1459,BC:6A:29:BE:2F:76_-86,1459
1460,BC:6A:29:BE:2F:76_-85,1460
1461,BC:6A:29:BE:2F:76_-84,1461
1462,BC:6A:29:BE:2F:76_-83,1462
1463,BC:6A:29:BE:2F:76_-82,1463
1464,BC:6A:29:BE:2F:76_-81,1464
1465,BC:6A:29:BE:2F:76_-80,1465
1466,BC:6A:29:BE:2F:76_-79,1466
1467,BC:6A:29:BE:2F:76_-78,1467
1468,BC:6A:29:BE:2F:76_-77,1468
1469,BC:6A:29:BE:2F:76_-76,1469
1470,BC:6A:29:BE:2F:76_-75,1470
1471,BC:6A:29:BE:2F:76_-74,1471
1472,BC:6A:29:BE:2F:76_-73,1472
1473,BC:6A:29:BE:2F:76_-72,1473
1474,BC:6A:29:BE:2F:76_-71,1474
1475,BC:6A:29:BE:2F:76_-70,1475
1476,BC:6A:29:BE:2F:76_-69,1476
1477,BC:6A:29:BE:2F:76_-68,1477
1478,BC:6A:29:BE:2F:76_-67,1478
1479,BC:6A:29:BE:2F:76_-66,1479
1480,BC:6A:29:BE:2F:76_-65,1480
1481,BC:6A:29:BE:2F:76_-64,1481
1482,BC:6A:29:BE:2F:76_-63,1482
1483,BC:6A:29:BE:2F:76_-62,1483
1484,BC:6A:29:BE:2F:76_-61,1484
1485,BC:6A:29:BE:2F:76_-60,1485
1486,BC:6A:29:BE:2F:76_-59,1486
1487,BC:6A:29:BE:2F:76_-58,1487
1488,BC:6A:29:BE:2F:76_-57,1488
1489,BC:6A:29:BE:2F:76_-56,1489
1490,BC:6A:29:BE:2F:76_-55,1490
1491,BC:6A:29:BE:2F:76_-54,1491
1492,BC:6A:29:BE:2F:76_-53,1492
1493,BC:6A:29:BE:2F:76_-52,1493
1494,BC:6A:29:BE:2F:76_-51,1494
1495,BC:6A:29:BE:2F:76_-50,1495
1496,BC:6A:29:BE:2F:76_-49,1496
1497,BC:6A:29:BE:2F:76_-48,1497
1498,BC:6A:29:BE:2F:76_-47,1498
1499,BC:6A:29:BE:2F:76_-46,1499
1500,BC:6A:29:BE:2F:76_-45,1500
1501,BC:6A:29:BE:2F:76_-44,1501
1502,BC:6A:29:BE:2F:76_-43,1502
1503,BC:6A:29:BE:2F:76_-42,1503
1504,BC:6A:29:BE:2F:76_-41,1504
1505,7C:66:9D:7B:2D:4A_-100,1505
1506,7C:66:9D:7B:2D:4A_-99,1506
1507,7C:66:9D:7B:2D:4A_-98,1507
1508,7C:66:9D:7B:2D:4A_-97,1508
1509,7C:66:9D:7B:2D:4A_-96,1509
1510,7C:66:9D:7B:2D:4A_-95,1510
1511,7C:66:9D:7B:2D:4A_-94,1511
1512,7C:66:9D:7B:2D:4A_-93,1512
1513,7C:66:9D:7B:2D:4A_-92,1513
1514,7C:66:9D:7B:2D:4A_-91,1514
1515,7C:66:9D:7B:2D:4A_-90,1515
1516,7C:66:9D:7B:2D:4A_-89,1516
1517,7C:66:9D:7B:2D:4A_-88,1517
1518,7C:66:9D:7B:2D:4A_-87,1518
1519,7C:66:9D:7B:2D:4A_-86,1519
1520,7C:66:9D:7B:2D:4A_-85,1520
1521,7C:66:9D:7B:2D:4A_-84,1521
1522,7C:66:9D:7B:2D:4A_-83,1522
1523,7C:66:9D:7B:2D:4A_-82,1523
1524,7C:66:9D:7B:2D:4A_-81,1524
1525,7C:66:9D:7B:2D:4A_-80,1525
1526,7C:66:9D:7B:2D:4A_-79,1526
1527,7C:66:9D:7B:2D:4A_-78,1527
1528,7C:66:9D:7B:2D:4A_-77,1528
1529,7C:66:9D:7B:2D:4A_-76,1529
1530,7C:66:9D:7B:2D:4A_-75,1530
1531,7C:66:9D:7B:2D:4A_-74,1531
1532,7C:66:9D:7B:2D:4A_-73,1532
1533,7C:66:9D:7B:2D:4A_-72,1533
1534,7C:66:9D:7B:2D:4A_-71,1534
1535,7C:66:9D:7B:2D:4A_-70,1535
1536,7C:66:9D:7B:2D:4A_-69,1536
1537,7C:66:9D:7B:2D:4A_-68,1537
1538,7C:66:9D:7B:2D:4A_-67,1538
1539,7C:66:9D:7B:2D:4A_-66,1539
1540,7C:66:9D:7B:2D:4A_-65,1540
1541,7C:66:9D:7B:2D:4A_-64,1541
1542,7C:66:9D:7B:2D:4A_-63,1542
1543,7C:66:9D:7B:2D:4A_-62,1543
1544,7C:66:9D:7B:2D:4A_-61,1544
1545,7C:66:9D:7B:2D:4A_-60,1545
1546,7C:66:9D:7B:2D:4A_-59,1546
1547,7C:66:9D:7B:2D:4A_-58,1547
1548,7C:66:9D:7B:2D:4A_-57,1548
1549,7C:66:9D:7B:2D:4A_-56,1549
1550,7C:66:9D:7B:2D:4A_-55,1550
1551,7C:66:9D:7B:2D:4A_-54,1551
1552,7C:66:9D:7B:2D:4A_-53,1552
1553,7C:66:9D:7B:2D:4A_-52,1553
1554,7C:66:9D:7B:2D:4A_-51,1554
1555,7C:66:9D:7B:2D:4A_-50,1555
1556,7C:66:9D:7B:2D:4A_-49,1556
1557,7C:66:9D:7B:2D:4A_-48,1557
1558,7C:66:9D:7B:2D:4A_-47,1558
1559,7C:66:9D:7B:2D:4A_-46,1559
1560,7C:66:9D:7B:2D:4A_-45,1560
1561,7C:66:9D:7B:2D:4A_-44,1561
1562,7C:66:9D:7B:2D:4A_-43,1562
1563,7C:66:9D:7B:2D:4A_-42,1563
1564,7C:66:9D:7B:2D:4A_-41,1564
